{
    "root_group": {
        "groups": {},
        "checks": {
                "status is 200 or 201": {
                    "passes": 7924,
                    "fails": 2214,
                    "name": "status is 200 or 201",
                    "path": "::status is 200 or 201",
                    "id": "84a4ddb4484a5d859d169f8c46a575bf"
                }
            },
        "name": "",
        "path": "",
        "id": "d41d8cd98f00b204e9800998ecf8427e"
    },
    "metrics": {
        "iteration_duration": {
            "avg": 99.17220714144787,
            "min": 4.9264,
            "med": 93.77295,
            "max": 285.7626,
            "p(90)": 175.50707000000003,
            "p(95)": 191.81835999999996
        },
        "http_req_connecting": {
            "avg": 0.0004184651805089761,
            "min": 0,
            "med": 0,
            "max": 0.9572,
            "p(90)": 0,
            "p(95)": 0
        },
        "http_req_sending": {
            "p(90)": 0,
            "p(95)": 0,
            "avg": 0.013710120339317417,
            "min": 0,
            "med": 0,
            "max": 2.4002
        },
        "http_reqs": {
            "count": 10138,
            "rate": 92.15427156278355
        },
        "http_req_receiving": {
            "avg": 1.370977875320577,
            "min": 0,
            "med": 0.89505,
            "max": 12.4759,
            "p(90)": 3.559700000000002,
            "p(95)": 4.261944999999999
        },
        "http_req_duration{expected_response:true}": {
            "med": 92.60640000000001,
            "max": 285.7626,
            "p(90)": 172.9699,
            "p(95)": 189.96241499999996,
            "avg": 98.00504698384651,
            "min": 1.3142
        },
        "data_received": {
            "count": 5372712,
            "rate": 48837.873414541915
        },
        "vus": {
            "value": 1,
            "min": 1,
            "max": 10
        },
        "data_sent": {
            "rate": 40566.04127837071,
            "count": 4462718
        },
        "http_req_duration": {
            "p(90)": 175.49695,
            "p(95)": 191.74917999999997,
            "avg": 99.07450008877477,
            "min": 1.3142,
            "med": 93.74664999999999,
            "max": 285.7626,
            "thresholds": {
                "p(95)<500": false
            }
        },
        "http_req_failed": {
            "passes": 2214,
            "fails": 7924,
            "thresholds": {
                "rate<0.01": true
            },
            "value": 0.21838626948116
        },
        "http_req_tls_handshaking": {
            "avg": 0,
            "min": 0,
            "med": 0,
            "max": 0,
            "p(90)": 0,
            "p(95)": 0
        },
        "http_req_blocked": {
            "p(90)": 0,
            "p(95)": 0,
            "avg": 0.0032690767409745513,
            "min": 0,
            "med": 0,
            "max": 5.5076
        },
        "http_req_waiting": {
            "med": 91.92805,
            "max": 285.4456,
            "p(90)": 174.48174000000003,
            "p(95)": 191.018475,
            "avg": 97.68981209311478,
            "min": 0.5035
        },
        "iterations": {
            "count": 10138,
            "rate": 92.15427156278355
        },
        "vus_max": {
            "value": 10,
            "min": 10,
            "max": 10
        },
        "checks": {
            "passes": 7924,
            "fails": 2214,
            "value": 0.78161373051884
        }
    }
}